state,state_code,year,births,source_db
Alabama,01,1995,60329,D10
Alabama,01,1996,60488,D10
Alabama,01,1997,60914,D10
Alabama,01,1998,62074,D10
Alabama,01,1999,62122,D10
Alabama,01,2000,63299,D10
Alabama,01,2001,60454,D10
Alabama,01,2002,58967,D10
Alabama,01,2003,59552,D27
Alabama,01,2004,59510,D27
Alabama,01,2005,60453,D27
Alabama,01,2006,63232,D27
Alabama,01,2007,64804,D66
Alabama,01,2008,64546,D66
Alabama,01,2009,62475,D66
Alabama,01,2010,60050,D66
Alabama,01,2011,59354,D66
Alabama,01,2012,58448,D66
Alabama,01,2013,58167,D66
Alabama,01,2014,59422,D66
Alabama,01,2015,59657,D66
Alabama,01,2016,59151,D66
Alabama,01,2017,58941,D66
Alabama,01,2018,57761,D66
Alabama,01,2019,58615,D66
Alabama,01,2020,57647,D66
Alabama,01,2021,58054,D66
Alabama,01,2022,58149,D66
Alabama,01,2023,57858,D66
Alabama,01,2024,57934,D66
Alaska,02,1995,10244,D10
Alaska,02,1996,10037,D10
Alaska,02,1997,9947,D10
Alaska,02,1998,9926,D10
Alaska,02,1999,9950,D10
Alaska,02,2000,9974,D10
Alaska,02,2001,10003,D10
Alaska,02,2002,9938,D10
Alaska,02,2003,10086,D27
Alaska,02,2004,10338,D27
Alaska,02,2005,10459,D27
Alaska,02,2006,10996,D27
Alaska,02,2007,11052,D66
Alaska,02,2008,11442,D66
Alaska,02,2009,11324,D66
Alaska,02,2010,11471,D66
Alaska,02,2011,11456,D66
Alaska,02,2012,11187,D66
Alaska,02,2013,11446,D66
Alaska,02,2014,11392,D66
Alaska,02,2015,11282,D66
Alaska,02,2016,11209,D66
Alaska,02,2017,10445,D66
Alaska,02,2018,10086,D66
Alaska,02,2019,9822,D66
Alaska,02,2020,9469,D66
Alaska,02,2021,9367,D66
Alaska,02,2022,9359,D66
Alaska,02,2023,9015,D66
Alaska,02,2024,8943,D66
Arizona,04,1995,72463,D10
Arizona,04,1996,75322,D10
Arizona,04,1997,75699,D10
Arizona,04,1998,78243,D10
Arizona,04,1999,81145,D10
Arizona,04,2000,85273,D10
Arizona,04,2001,85597,D10
Arizona,04,2002,87837,D10
Arizona,04,2003,90967,D27
Arizona,04,2004,93663,D27
Arizona,04,2005,96199,D27
Arizona,04,2006,102429,D27
Arizona,04,2007,102981,D66
Arizona,04,2008,99442,D66
Arizona,04,2009,92798,D66
Arizona,04,2010,87477,D66
Arizona,04,2011,85543,D66
Arizona,04,2012,86441,D66
Arizona,04,2013,85600,D66
Arizona,04,2014,86887,D66
Arizona,04,2015,85351,D66
Arizona,04,2016,84520,D66
Arizona,04,2017,81872,D66
Arizona,04,2018,80723,D66
Arizona,04,2019,79375,D66
Arizona,04,2020,76947,D66
Arizona,04,2021,77916,D66
Arizona,04,2022,78547,D66
Arizona,04,2023,78096,D66
Arizona,04,2024,78711,D66
Arkansas,05,1995,35175,D10
Arkansas,05,1996,36371,D10
Arkansas,05,1997,36478,D10
Arkansas,05,1998,36865,D10
Arkansas,05,1999,36729,D10
Arkansas,05,2000,37783,D10
Arkansas,05,2001,37010,D10
Arkansas,05,2002,37437,D10
Arkansas,05,2003,37784,D27
Arkansas,05,2004,38573,D27
Arkansas,05,2005,39208,D27
Arkansas,05,2006,40961,D27
Arkansas,05,2007,41378,D66
Arkansas,05,2008,40669,D66
Arkansas,05,2009,39808,D66
Arkansas,05,2010,38540,D66
Arkansas,05,2011,38715,D66
Arkansas,05,2012,38347,D66
Arkansas,05,2013,37832,D66
Arkansas,05,2014,38511,D66
Arkansas,05,2015,38886,D66
Arkansas,05,2016,38274,D66
Arkansas,05,2017,37520,D66
Arkansas,05,2018,37018,D66
Arkansas,05,2019,36564,D66
Arkansas,05,2020,35251,D66
Arkansas,05,2021,35965,D66
Arkansas,05,2022,35471,D66
Arkansas,05,2023,35264,D66
Arkansas,05,2024,35395,D66
California,06,1995,552045,D10
California,06,1996,539433,D10
California,06,1997,524840,D10
California,06,1998,521661,D10
California,06,1999,518508,D10
California,06,2000,531959,D10
California,06,2001,527759,D10
California,06,2002,529357,D10
California,06,2003,540997,D27
California,06,2004,544843,D27
California,06,2005,548882,D27
California,06,2006,562440,D27
California,06,2007,566414,D66
California,06,2008,551779,D66
California,06,2009,527020,D66
California,06,2010,510198,D66
California,06,2011,502120,D66
California,06,2012,503755,D66
California,06,2013,494705,D66
California,06,2014,502879,D66
California,06,2015,491748,D66
California,06,2016,488827,D66
California,06,2017,471658,D66
California,06,2018,454920,D66
California,06,2019,446479,D66
California,06,2020,420259,D66
California,06,2021,420608,D66
California,06,2022,419104,D66
California,06,2023,400108,D66
California,06,2024,402075,D66
Colorado,08,1995,54332,D10
Colorado,08,1996,55807,D10
Colorado,08,1997,56533,D10
Colorado,08,1998,59577,D10
Colorado,08,1999,62167,D10
Colorado,08,2000,65438,D10
Colorado,08,2001,67007,D10
Colorado,08,2002,68418,D10
Colorado,08,2003,69339,D27
Colorado,08,2004,68503,D27
Colorado,08,2005,68944,D27
Colorado,08,2006,70751,D27
Colorado,08,2007,70809,D66
Colorado,08,2008,70031,D66
Colorado,08,2009,68628,D66
Colorado,08,2010,66355,D66
Colorado,08,2011,65055,D66
Colorado,08,2012,65187,D66
Colorado,08,2013,65007,D66
Colorado,08,2014,65830,D66
Colorado,08,2015,66581,D66
Colorado,08,2016,66613,D66
Colorado,08,2017,64382,D66
Colorado,08,2018,62885,D66
Colorado,08,2019,62869,D66
Colorado,08,2020,61494,D66
Colorado,08,2021,62949,D66
Colorado,08,2022,62383,D66
Colorado,08,2023,61494,D66
Colorado,08,2024,64268,D66
Connecticut,09,1995,44334,D10
Connecticut,09,1996,44469,D10
Connecticut,09,1997,43109,D10
Connecticut,09,1998,43820,D10
Connecticut,09,1999,43310,D10
Connecticut,09,2000,43026,D10
Connecticut,09,2001,42648,D10
Connecticut,09,2002,42001,D10
Connecticut,09,2003,42873,D27
Connecticut,09,2004,42095,D27
Connecticut,09,2005,41718,D27
Connecticut,09,2006,41820,D27
Connecticut,09,2007,41660,D66
Connecticut,09,2008,40399,D66
Connecticut,09,2009,38896,D66
Connecticut,09,2010,37708,D66
Connecticut,09,2011,37281,D66
Connecticut,09,2012,36539,D66
Connecticut,09,2013,36085,D66
Connecticut,09,2014,36285,D66
Connecticut,09,2015,35746,D66
Connecticut,09,2016,36015,D66
Connecticut,09,2017,35221,D66
Connecticut,09,2018,34725,D66
Connecticut,09,2019,34258,D66
Connecticut,09,2020,33460,D66
Connecticut,09,2021,35670,D66
Connecticut,09,2022,35332,D66
Connecticut,09,2023,34559,D66
Connecticut,09,2024,34599,D66
Delaware,10,1995,10266,D10
Delaware,10,1996,10155,D10
Delaware,10,1997,10253,D10
Delaware,10,1998,10578,D10
Delaware,10,1999,10676,D10
Delaware,10,2000,11051,D10
Delaware,10,2001,10749,D10
Delaware,10,2002,11090,D10
Delaware,10,2003,11329,D27
Delaware,10,2004,11369,D27
Delaware,10,2005,11643,D27
Delaware,10,2006,11989,D27
Delaware,10,2007,12170,D66
Delaware,10,2008,12090,D66
Delaware,10,2009,11559,D66
Delaware,10,2010,11364,D66
Delaware,10,2011,11257,D66
Delaware,10,2012,11023,D66
Delaware,10,2013,10831,D66
Delaware,10,2014,10972,D66
Delaware,10,2015,11166,D66
Delaware,10,2016,10992,D66
Delaware,10,2017,10855,D66
Delaware,10,2018,10621,D66
Delaware,10,2019,10562,D66
Delaware,10,2020,10392,D66
Delaware,10,2021,10482,D66
Delaware,10,2022,10816,D66
Delaware,10,2023,10427,D66
Delaware,10,2024,10550,D66
District of Columbia,11,1995,9014,D10
District of Columbia,11,1996,8390,D10
District of Columbia,11,1997,7927,D10
District of Columbia,11,1998,7686,D10
District of Columbia,11,1999,7522,D10
District of Columbia,11,2000,7666,D10
District of Columbia,11,2001,7625,D10
District of Columbia,11,2002,7498,D10
District of Columbia,11,2003,7619,D27
District of Columbia,11,2004,7933,D27
District of Columbia,11,2005,7971,D27
District of Columbia,11,2006,8523,D27
District of Columbia,11,2007,8864,D66
District of Columbia,11,2008,9130,D66
District of Columbia,11,2009,9040,D66
District of Columbia,11,2010,9165,D66
District of Columbia,11,2011,9295,D66
District of Columbia,11,2012,9399,D66
District of Columbia,11,2013,9288,D66
District of Columbia,11,2014,9509,D66
District of Columbia,11,2015,9578,D66
District of Columbia,11,2016,9858,D66
District of Columbia,11,2017,9560,D66
District of Columbia,11,2018,9212,D66
District of Columbia,11,2019,9079,D66
District of Columbia,11,2020,8874,D66
District of Columbia,11,2021,8660,D66
District of Columbia,11,2022,8075,D66
District of Columbia,11,2023,7896,D66
District of Columbia,11,2024,7616,D66
Florida,12,1995,188723,D10
Florida,12,1996,189392,D10
Florida,12,1997,192383,D10
Florida,12,1998,195637,D10
Florida,12,1999,197023,D10
Florida,12,2000,204125,D10
Florida,12,2001,205793,D10
Florida,12,2002,205579,D10
Florida,12,2003,212250,D27
Florida,12,2004,218053,D27
Florida,12,2005,226240,D27
Florida,12,2006,236802,D27
Florida,12,2007,239165,D66
Florida,12,2008,231445,D66
Florida,12,2009,221394,D66
Florida,12,2010,214590,D66
Florida,12,2011,213414,D66
Florida,12,2012,213148,D66
Florida,12,2013,215407,D66
Florida,12,2014,219991,D66
Florida,12,2015,224269,D66
Florida,12,2016,225022,D66
Florida,12,2017,223630,D66
Florida,12,2018,221542,D66
Florida,12,2019,220002,D66
Florida,12,2020,209671,D66
Florida,12,2021,216260,D66
Florida,12,2022,224433,D66
Florida,12,2023,221410,D66
Florida,12,2024,224389,D66
Georgia,13,1995,112282,D10
Georgia,13,1996,114043,D10
Georgia,13,1997,118221,D10
Georgia,13,1998,122368,D10
Georgia,13,1999,126717,D10
Georgia,13,2000,132644,D10
Georgia,13,2001,133526,D10
Georgia,13,2002,133300,D10
Georgia,13,2003,135979,D27
Georgia,13,2004,138849,D27
Georgia,13,2005,142200,D27
Georgia,13,2006,148633,D27
Georgia,13,2007,151137,D66
Georgia,13,2008,146603,D66
Georgia,13,2009,141377,D66
Georgia,13,2010,133947,D66
Georgia,13,2011,132409,D66
Georgia,13,2012,130280,D66
Georgia,13,2013,128748,D66
Georgia,13,2014,130946,D66
Georgia,13,2015,131404,D66
Georgia,13,2016,130042,D66
Georgia,13,2017,129243,D66
Georgia,13,2018,126172,D66
Georgia,13,2019,126371,D66
Georgia,13,2020,122473,D66
Georgia,13,2021,124073,D66
Georgia,13,2022,126130,D66
Georgia,13,2023,125120,D66
Georgia,13,2024,126437,D66
Hawaii,15,1995,18595,D10
Hawaii,15,1996,18401,D10
Hawaii,15,1997,17393,D10
Hawaii,15,1998,17583,D10
Hawaii,15,1999,17038,D10
Hawaii,15,2000,17551,D10
Hawaii,15,2001,17072,D10
Hawaii,15,2002,17477,D10
Hawaii,15,2003,18100,D27
Hawaii,15,2004,18281,D27
Hawaii,15,2005,17924,D27
Hawaii,15,2006,18982,D27
Hawaii,15,2007,19134,D66
Hawaii,15,2008,19484,D66
Hawaii,15,2009,18887,D66
Hawaii,15,2010,18988,D66
Hawaii,15,2011,18956,D66
Hawaii,15,2012,18980,D66
Hawaii,15,2013,18987,D66
Hawaii,15,2014,18550,D66
Hawaii,15,2015,18420,D66
Hawaii,15,2016,18059,D66
Hawaii,15,2017,17517,D66
Hawaii,15,2018,16972,D66
Hawaii,15,2019,16797,D66
Hawaii,15,2020,15785,D66
Hawaii,15,2021,15620,D66
Hawaii,15,2022,15535,D66
Hawaii,15,2023,14808,D66
Hawaii,15,2024,14917,D66
Idaho,16,1995,18035,D10
Idaho,16,1996,18625,D10
Idaho,16,1997,18582,D10
Idaho,16,1998,19391,D10
Idaho,16,1999,19872,D10
Idaho,16,2000,20366,D10
Idaho,16,2001,20688,D10
Idaho,16,2002,20970,D10
Idaho,16,2003,21800,D27
Idaho,16,2004,22532,D27
Idaho,16,2005,23062,D27
Idaho,16,2006,24184,D27
Idaho,16,2007,25019,D66
Idaho,16,2008,25149,D66
Idaho,16,2009,23737,D66
Idaho,16,2010,23198,D66
Idaho,16,2011,22305,D66
Idaho,16,2012,22963,D66
Idaho,16,2013,22383,D66
Idaho,16,2014,22876,D66
Idaho,16,2015,22827,D66
Idaho,16,2016,22482,D66
Idaho,16,2017,22181,D66
Idaho,16,2018,21403,D66
Idaho,16,2019,22063,D66
Idaho,16,2020,21533,D66
Idaho,16,2021,22427,D66
Idaho,16,2022,22391,D66
Idaho,16,2023,22397,D66
Idaho,16,2024,23276,D66
Illinois,17,1995,185812,D10
Illinois,17,1996,183180,D10
Illinois,17,1997,180803,D10
Illinois,17,1998,182588,D10
Illinois,17,1999,182068,D10
Illinois,17,2000,185036,D10
Illinois,17,2001,184064,D10
Illinois,17,2002,180622,D10
Illinois,17,2003,182495,D27
Illinois,17,2004,180778,D27
Illinois,17,2005,179020,D27
Illinois,17,2006,180572,D27
Illinois,17,2007,180836,D66
Illinois,17,2008,176795,D66
Illinois,17,2009,171163,D66
Illinois,17,2010,165200,D66
Illinois,17,2011,161312,D66
Illinois,17,2012,159160,D66
Illinois,17,2013,156931,D66
Illinois,17,2014,158556,D66
Illinois,17,2015,158116,D66
Illinois,17,2016,154445,D66
Illinois,17,2017,149390,D66
Illinois,17,2018,144815,D66
Illinois,17,2019,140128,D66
Illinois,17,2020,133298,D66
Illinois,17,2021,132189,D66
Illinois,17,2022,128350,D66
Illinois,17,2023,124820,D66
Illinois,17,2024,125731,D66
Indiana,18,1995,82835,D10
Indiana,18,1996,83513,D10
Indiana,18,1997,83436,D10
Indiana,18,1998,85122,D10
Indiana,18,1999,86031,D10
Indiana,18,2000,87699,D10
Indiana,18,2001,86459,D10
Indiana,18,2002,85081,D10
Indiana,18,2003,86434,D27
Indiana,18,2004,87142,D27
Indiana,18,2005,87193,D27
Indiana,18,2006,88631,D27
Indiana,18,2007,89864,D66
Indiana,18,2008,88742,D66
Indiana,18,2009,86673,D66
Indiana,18,2010,83940,D66
Indiana,18,2011,83701,D66
Indiana,18,2012,83227,D66
Indiana,18,2013,83102,D66
Indiana,18,2014,84080,D66
Indiana,18,2015,84040,D66
Indiana,18,2016,83091,D66
Indiana,18,2017,82170,D66
Indiana,18,2018,81646,D66
Indiana,18,2019,80859,D66
Indiana,18,2020,78616,D66
Indiana,18,2021,79946,D66
Indiana,18,2022,79649,D66
Indiana,18,2023,79000,D66
Indiana,18,2024,80257,D66
Iowa,19,1995,36810,D10
Iowa,19,1996,37139,D10
Iowa,19,1997,36659,D10
Iowa,19,1998,37282,D10
Iowa,19,1999,37558,D10
Iowa,19,2000,38266,D10
Iowa,19,2001,37619,D10
Iowa,19,2002,37559,D10
Iowa,19,2003,38174,D27
Iowa,19,2004,38438,D27
Iowa,19,2005,39311,D27
Iowa,19,2006,40607,D27
Iowa,19,2007,40886,D66
Iowa,19,2008,40224,D66
Iowa,19,2009,39701,D66
Iowa,19,2010,38719,D66
Iowa,19,2011,38214,D66
Iowa,19,2012,38702,D66
Iowa,19,2013,39094,D66
Iowa,19,2014,39687,D66
Iowa,19,2015,39482,D66
Iowa,19,2016,39403,D66
Iowa,19,2017,38430,D66
Iowa,19,2018,37785,D66
Iowa,19,2019,37649,D66
Iowa,19,2020,36114,D66
Iowa,19,2021,36835,D66
Iowa,19,2022,36506,D66
Iowa,19,2023,36052,D66
Iowa,19,2024,36436,D66
Kansas,20,1995,37201,D10
Kansas,20,1996,36651,D10
Kansas,20,1997,37289,D10
Kansas,20,1998,38422,D10
Kansas,20,1999,38782,D10
Kansas,20,2000,39666,D10
Kansas,20,2001,38869,D10
Kansas,20,2002,39412,D10
Kansas,20,2003,39476,D27
Kansas,20,2004,39669,D27
Kansas,20,2005,39888,D27
Kansas,20,2006,40968,D27
Kansas,20,2007,42004,D66
Kansas,20,2008,41833,D66
Kansas,20,2009,41396,D66
Kansas,20,2010,40649,D66
Kansas,20,2011,39642,D66
Kansas,20,2012,40341,D66
Kansas,20,2013,38839,D66
Kansas,20,2014,39223,D66
Kansas,20,2015,39154,D66
Kansas,20,2016,38053,D66
Kansas,20,2017,36519,D66
Kansas,20,2018,36261,D66
Kansas,20,2019,35395,D66
Kansas,20,2020,34376,D66
Kansas,20,2021,34705,D66
Kansas,20,2022,34401,D66
Kansas,20,2023,34065,D66
Kansas,20,2024,33984,D66
Kentucky,21,1995,52377,D10
Kentucky,21,1996,52706,D10
Kentucky,21,1997,53203,D10
Kentucky,21,1998,54329,D10
Kentucky,21,1999,54403,D10
Kentucky,21,2000,56029,D10
Kentucky,21,2001,54658,D10
Kentucky,21,2002,54233,D10
Kentucky,21,2003,55236,D27
Kentucky,21,2004,55720,D27
Kentucky,21,2005,56444,D27
Kentucky,21,2006,58250,D27
Kentucky,21,2007,59368,D66
Kentucky,21,2008,58375,D66
Kentucky,21,2009,57551,D66
Kentucky,21,2010,55784,D66
Kentucky,21,2011,55370,D66
Kentucky,21,2012,55758,D66
Kentucky,21,2013,55686,D66
Kentucky,21,2014,56170,D66
Kentucky,21,2015,55971,D66
Kentucky,21,2016,55449,D66
Kentucky,21,2017,54752,D66
Kentucky,21,2018,53922,D66
Kentucky,21,2019,53069,D66
Kentucky,21,2020,51668,D66
Kentucky,21,2021,52214,D66
Kentucky,21,2022,52315,D66
Kentucky,21,2023,51984,D66
Kentucky,21,2024,52913,D66
Louisiana,22,1995,65641,D10
Louisiana,22,1996,65204,D10
Louisiana,22,1997,66025,D10
Louisiana,22,1998,66888,D10
Louisiana,22,1999,67136,D10
Louisiana,22,2000,67898,D10
Louisiana,22,2001,65352,D10
Louisiana,22,2002,64872,D10
Louisiana,22,2003,65040,D27
Louisiana,22,2004,65369,D27
Louisiana,22,2005,60937,D27
Louisiana,22,2006,63376,D27
Louisiana,22,2007,66301,D66
Louisiana,22,2008,65268,D66
Louisiana,22,2009,64973,D66
Louisiana,22,2010,62379,D66
Louisiana,22,2011,61888,D66
Louisiana,22,2012,62642,D66
Louisiana,22,2013,63201,D66
Louisiana,22,2014,64497,D66
Louisiana,22,2015,64692,D66
Louisiana,22,2016,63178,D66
Louisiana,22,2017,61018,D66
Louisiana,22,2018,59615,D66
Louisiana,22,2019,58941,D66
Louisiana,22,2020,57328,D66
Louisiana,22,2021,57437,D66
Louisiana,22,2022,56479,D66
Louisiana,22,2023,54927,D66
Louisiana,22,2024,53305,D66
Maine,23,1995,13896,D10
Maine,23,1996,13774,D10
Maine,23,1997,13669,D10
Maine,23,1998,13733,D10
Maine,23,1999,13616,D10
Maine,23,2000,13603,D10
Maine,23,2001,13759,D10
Maine,23,2002,13559,D10
Maine,23,2003,13855,D27
Maine,23,2004,13944,D27
Maine,23,2005,14112,D27
Maine,23,2006,14151,D27
Maine,23,2007,14120,D66
Maine,23,2008,13609,D66
Maine,23,2009,13470,D66
Maine,23,2010,12970,D66
Maine,23,2011,12704,D66
Maine,23,2012,12798,D66
Maine,23,2013,12776,D66
Maine,23,2014,12698,D66
Maine,23,2015,12607,D66
Maine,23,2016,12705,D66
Maine,23,2017,12298,D66
Maine,23,2018,12311,D66
Maine,23,2019,11779,D66
Maine,23,2020,11539,D66
Maine,23,2021,12006,D66
Maine,23,2022,12093,D66
Maine,23,2023,11627,D66
Maine,23,2024,11601,D66
Maryland,24,1995,72396,D10
Maryland,24,1996,71533,D10
Maryland,24,1997,70215,D10
Maryland,24,1998,71972,D10
Maryland,24,1999,71967,D10
Maryland,24,2000,74316,D10
Maryland,24,2001,73218,D10
Maryland,24,2002,73323,D10
Maryland,24,2003,74930,D27
Maryland,24,2004,74628,D27
Maryland,24,2005,74980,D27
Maryland,24,2006,77494,D27
Maryland,24,2007,78095,D66
Maryland,24,2008,77289,D66
Maryland,24,2009,75059,D66
Maryland,24,2010,73801,D66
Maryland,24,2011,73093,D66
Maryland,24,2012,72883,D66
Maryland,24,2013,71953,D66
Maryland,24,2014,73921,D66
Maryland,24,2015,73616,D66
Maryland,24,2016,73136,D66
Maryland,24,2017,71641,D66
Maryland,24,2018,71080,D66
Maryland,24,2019,70178,D66
Maryland,24,2020,68554,D66
Maryland,24,2021,68285,D66
Maryland,24,2022,68782,D66
Maryland,24,2023,65594,D66
Maryland,24,2024,65797,D66
Massachusetts,25,1995,81648,D10
Massachusetts,25,1996,80276,D10
Massachusetts,25,1997,80364,D10
Massachusetts,25,1998,81411,D10
Massachusetts,25,1999,80939,D10
Massachusetts,25,2000,81614,D10
Massachusetts,25,2001,81077,D10
Massachusetts,25,2002,80645,D10
Massachusetts,25,2003,80184,D27
Massachusetts,25,2004,78484,D27
Massachusetts,25,2005,76865,D27
Massachusetts,25,2006,77676,D27
Massachusetts,25,2007,77967,D66
Massachusetts,25,2008,77022,D66
Massachusetts,25,2009,75016,D66
Massachusetts,25,2010,72865,D66
Massachusetts,25,2011,73166,D66
Massachusetts,25,2012,72439,D66
Massachusetts,25,2013,71788,D66
Massachusetts,25,2014,71908,D66
Massachusetts,25,2015,71492,D66
Massachusetts,25,2016,71317,D66
Massachusetts,25,2017,70702,D66
Massachusetts,25,2018,69109,D66
Massachusetts,25,2019,69117,D66
Massachusetts,25,2020,66428,D66
Massachusetts,25,2021,69137,D66
Massachusetts,25,2022,68584,D66
Massachusetts,25,2023,67093,D66
Massachusetts,25,2024,68184,D66
Michigan,26,1995,134642,D10
Michigan,26,1996,133387,D10
Michigan,26,1997,133714,D10
Michigan,26,1998,133666,D10
Michigan,26,1999,133607,D10
Michigan,26,2000,136171,D10
Michigan,26,2001,133427,D10
Michigan,26,2002,129967,D10
Michigan,26,2003,131094,D27
Michigan,26,2004,129776,D27
Michigan,26,2005,127706,D27
Michigan,26,2006,127483,D27
Michigan,26,2007,125261,D66
Michigan,26,2008,121127,D66
Michigan,26,2009,117294,D66
Michigan,26,2010,114531,D66
Michigan,26,2011,114008,D66
Michigan,26,2012,113091,D66
Michigan,26,2013,113489,D66
Michigan,26,2014,114375,D66
Michigan,26,2015,113312,D66
Michigan,26,2016,113315,D66
Michigan,26,2017,111426,D66
Michigan,26,2018,110032,D66
Michigan,26,2019,107886,D66
Michigan,26,2020,104074,D66
Michigan,26,2021,104980,D66
Michigan,26,2022,102321,D66
Michigan,26,2023,99124,D66
Michigan,26,2024,99525,D66
Minnesota,27,1995,63263,D10
Minnesota,27,1996,63700,D10
Minnesota,27,1997,64499,D10
Minnesota,27,1998,65202,D10
Minnesota,27,1999,65970,D10
Minnesota,27,2000,67604,D10
Minnesota,27,2001,67562,D10
Minnesota,27,2002,68025,D10
Minnesota,27,2003,70050,D27
Minnesota,27,2004,70624,D27
Minnesota,27,2005,70919,D27
Minnesota,27,2006,73525,D27
Minnesota,27,2007,73735,D66
Minnesota,27,2008,72421,D66
Minnesota,27,2009,70646,D66
Minnesota,27,2010,68610,D66
Minnesota,27,2011,68409,D66
Minnesota,27,2012,68772,D66
Minnesota,27,2013,69159,D66
Minnesota,27,2014,69904,D66
Minnesota,27,2015,69834,D66
Minnesota,27,2016,69749,D66
Minnesota,27,2017,68595,D66
Minnesota,27,2018,67344,D66
Minnesota,27,2019,66027,D66
Minnesota,27,2020,63443,D66
Minnesota,27,2021,64425,D66
Minnesota,27,2022,64015,D66
Minnesota,27,2023,61715,D66
Minnesota,27,2024,62110,D66
Mississippi,28,1995,41344,D10
Mississippi,28,1996,40987,D10
Mississippi,28,1997,41533,D10
Mississippi,28,1998,42939,D10
Mississippi,28,1999,42684,D10
Mississippi,28,2000,44075,D10
Mississippi,28,2001,42282,D10
Mississippi,28,2002,41518,D10
Mississippi,28,2003,42380,D27
Mississippi,28,2004,42827,D27
Mississippi,28,2005,42395,D27
Mississippi,28,2006,46056,D27
Mississippi,28,2007,46491,D66
Mississippi,28,2008,44947,D66
Mississippi,28,2009,42901,D66
Mississippi,28,2010,40036,D66
Mississippi,28,2011,39860,D66
Mississippi,28,2012,38669,D66
Mississippi,28,2013,38634,D66
Mississippi,28,2014,38736,D66
Mississippi,28,2015,38394,D66
Mississippi,28,2016,37928,D66
Mississippi,28,2017,37357,D66
Mississippi,28,2018,37000,D66
Mississippi,28,2019,36636,D66
Mississippi,28,2020,35473,D66
Mississippi,28,2021,35156,D66
Mississippi,28,2022,34675,D66
Mississippi,28,2023,34459,D66
Mississippi,28,2024,33473,D66
Missouri,29,1995,73028,D10
Missouri,29,1996,73832,D10
Missouri,29,1997,74037,D10
Missouri,29,1998,75358,D10
Missouri,29,1999,75432,D10
Missouri,29,2000,76463,D10
Missouri,29,2001,75464,D10
Missouri,29,2002,75251,D10
Missouri,29,2003,77045,D27
Missouri,29,2004,77765,D27
Missouri,29,2005,78618,D27
Missouri,29,2006,81385,D27
Missouri,29,2007,81930,D66
Missouri,29,2008,80963,D66
Missouri,29,2009,78905,D66
Missouri,29,2010,76759,D66
Missouri,29,2011,76117,D66
Missouri,29,2012,75446,D66
Missouri,29,2013,75296,D66
Missouri,29,2014,75360,D66
Missouri,29,2015,75061,D66
Missouri,29,2016,74705,D66
Missouri,29,2017,73034,D66
Missouri,29,2018,73269,D66
Missouri,29,2019,72127,D66
Missouri,29,2020,69285,D66
Missouri,29,2021,69453,D66
Missouri,29,2022,68985,D66
Missouri,29,2023,67123,D66
Missouri,29,2024,67998,D66
Montana,30,1995,11142,D10
Montana,30,1996,10856,D10
Montana,30,1997,10849,D10
Montana,30,1998,10795,D10
Montana,30,1999,10785,D10
Montana,30,2000,10957,D10
Montana,30,2001,10970,D10
Montana,30,2002,11049,D10
Montana,30,2003,11422,D27
Montana,30,2004,11519,D27
Montana,30,2005,11583,D27
Montana,30,2006,12508,D27
Montana,30,2007,12439,D66
Montana,30,2008,12594,D66
Montana,30,2009,12257,D66
Montana,30,2010,12060,D66
Montana,30,2011,12069,D66
Montana,30,2012,12118,D66
Montana,30,2013,12377,D66
Montana,30,2014,12432,D66
Montana,30,2015,12583,D66
Montana,30,2016,12282,D66
Montana,30,2017,11799,D66
Montana,30,2018,11513,D66
Montana,30,2019,11079,D66
Montana,30,2020,10791,D66
Montana,30,2021,11231,D66
Montana,30,2022,11175,D66
Montana,30,2023,11078,D66
Montana,30,2024,11331,D66
Nebraska,31,1995,23243,D10
Nebraska,31,1996,23286,D10
Nebraska,31,1997,23319,D10
Nebraska,31,1998,23534,D10
Nebraska,31,1999,23907,D10
Nebraska,31,2000,24646,D10
Nebraska,31,2001,24820,D10
Nebraska,31,2002,25383,D10
Nebraska,31,2003,25917,D27
Nebraska,31,2004,26332,D27
Nebraska,31,2005,26145,D27
Nebraska,31,2006,26727,D27
Nebraska,31,2007,26934,D66
Nebraska,31,2008,26989,D66
Nebraska,31,2009,26936,D66
Nebraska,31,2010,25918,D66
Nebraska,31,2011,25720,D66
Nebraska,31,2012,25942,D66
Nebraska,31,2013,26095,D66
Nebraska,31,2014,26794,D66
Nebraska,31,2015,26679,D66
Nebraska,31,2016,26589,D66
Nebraska,31,2017,25821,D66
Nebraska,31,2018,25488,D66
Nebraska,31,2019,24755,D66
Nebraska,31,2020,24291,D66
Nebraska,31,2021,24609,D66
Nebraska,31,2022,24345,D66
Nebraska,31,2023,24111,D66
Nebraska,31,2024,24785,D66
Nevada,32,1995,25056,D10
Nevada,32,1996,26125,D10
Nevada,32,1997,26911,D10
Nevada,32,1998,28699,D10
Nevada,32,1999,29362,D10
Nevada,32,2000,30829,D10
Nevada,32,2001,31382,D10
Nevada,32,2002,32571,D10
Nevada,32,2003,33647,D27
Nevada,32,2004,35200,D27
Nevada,32,2005,37268,D27
Nevada,32,2006,40027,D27
Nevada,32,2007,41181,D66
Nevada,32,2008,39506,D66
Nevada,32,2009,37612,D66
Nevada,32,2010,35934,D66
Nevada,32,2011,35296,D66
Nevada,32,2012,34911,D66
Nevada,32,2013,35030,D66
Nevada,32,2014,35861,D66
Nevada,32,2015,36298,D66
Nevada,32,2016,36260,D66
Nevada,32,2017,35756,D66
Nevada,32,2018,35682,D66
Nevada,32,2019,35072,D66
Nevada,32,2020,33653,D66
Nevada,32,2021,33686,D66
Nevada,32,2022,33193,D66
Nevada,32,2023,31794,D66
Nevada,32,2024,32381,D66
New Hampshire,33,1995,14665,D10
New Hampshire,33,1996,14520,D10
New Hampshire,33,1997,14313,D10
New Hampshire,33,1998,14429,D10
New Hampshire,33,1999,14041,D10
New Hampshire,33,2000,14609,D10
New Hampshire,33,2001,14656,D10
New Hampshire,33,2002,14442,D10
New Hampshire,33,2003,14393,D27
New Hampshire,33,2004,14565,D27
New Hampshire,33,2005,14420,D27
New Hampshire,33,2006,14378,D27
New Hampshire,33,2007,14168,D66
New Hampshire,33,2008,13683,D66
New Hampshire,33,2009,13377,D66
New Hampshire,33,2010,12874,D66
New Hampshire,33,2011,12851,D66
New Hampshire,33,2012,12352,D66
New Hampshire,33,2013,12396,D66
New Hampshire,33,2014,12302,D66
New Hampshire,33,2015,12433,D66
New Hampshire,33,2016,12267,D66
New Hampshire,33,2017,12116,D66
New Hampshire,33,2018,11995,D66
New Hampshire,33,2019,11839,D66
New Hampshire,33,2020,11791,D66
New Hampshire,33,2021,12625,D66
New Hampshire,33,2022,12077,D66
New Hampshire,33,2023,11936,D66
New Hampshire,33,2024,11770,D66
New Jersey,34,1995,114828,D10
New Jersey,34,1996,114306,D10
New Jersey,34,1997,113279,D10
New Jersey,34,1998,114550,D10
New Jersey,34,1999,114105,D10
New Jersey,34,2000,115632,D10
New Jersey,34,2001,115795,D10
New Jersey,34,2002,114751,D10
New Jersey,34,2003,116983,D27
New Jersey,34,2004,115253,D27
New Jersey,34,2005,113776,D27
New Jersey,34,2006,115020,D27
New Jersey,34,2007,116063,D66
New Jersey,34,2008,112710,D66
New Jersey,34,2009,110331,D66
New Jersey,34,2010,106922,D66
New Jersey,34,2011,105883,D66
New Jersey,34,2012,104230,D66
New Jersey,34,2013,102575,D66
New Jersey,34,2014,103305,D66
New Jersey,34,2015,103127,D66
New Jersey,34,2016,102647,D66
New Jersey,34,2017,101250,D66
New Jersey,34,2018,101223,D66
New Jersey,34,2019,99585,D66
New Jersey,34,2020,97954,D66
New Jersey,34,2021,101497,D66
New Jersey,34,2022,102893,D66
New Jersey,34,2023,101001,D66
New Jersey,34,2024,101372,D66
New Mexico,35,1995,26920,D10
New Mexico,35,1996,27228,D10
New Mexico,35,1997,26871,D10
New Mexico,35,1998,27318,D10
New Mexico,35,1999,27191,D10
New Mexico,35,2000,27223,D10
New Mexico,35,2001,27128,D10
New Mexico,35,2002,27753,D10
New Mexico,35,2003,27821,D27
New Mexico,35,2004,28384,D27
New Mexico,35,2005,28835,D27
New Mexico,35,2006,29936,D27
New Mexico,35,2007,30616,D66
New Mexico,35,2008,30173,D66
New Mexico,35,2009,29000,D66
New Mexico,35,2010,27850,D66
New Mexico,35,2011,27289,D66
New Mexico,35,2012,27068,D66
New Mexico,35,2013,26354,D66
New Mexico,35,2014,26052,D66
New Mexico,35,2015,25816,D66
New Mexico,35,2016,24692,D66
New Mexico,35,2017,23767,D66
New Mexico,35,2018,23039,D66
New Mexico,35,2019,22960,D66
New Mexico,35,2020,21903,D66
New Mexico,35,2021,21391,D66
New Mexico,35,2022,21614,D66
New Mexico,35,2023,20951,D66
New Mexico,35,2024,21328,D66
New York,36,1995,271369,D10
New York,36,1996,263963,D10
New York,36,1997,257238,D10
New York,36,1998,258207,D10
New York,36,1999,255612,D10
New York,36,2000,258737,D10
New York,36,2001,254026,D10
New York,36,2002,251415,D10
New York,36,2003,253714,D27
New York,36,2004,249947,D27
New York,36,2005,246351,D27
New York,36,2006,250104,D27
New York,36,2007,253451,D66
New York,36,2008,250383,D66
New York,36,2009,248110,D66
New York,36,2010,244375,D66
New York,36,2011,241312,D66
New York,36,2012,240916,D66
New York,36,2013,236980,D66
New York,36,2014,238773,D66
New York,36,2015,237274,D66
New York,36,2016,234283,D66
New York,36,2017,229737,D66
New York,36,2018,226238,D66
New York,36,2019,221539,D66
New York,36,2020,209338,D66
New York,36,2021,210742,D66
New York,36,2022,207774,D66
New York,36,2023,203612,D66
New York,36,2024,205489,D66
North Carolina,37,1995,101592,D10
North Carolina,37,1996,104470,D10
North Carolina,37,1997,107015,D10
North Carolina,37,1998,111688,D10
North Carolina,37,1999,113795,D10
North Carolina,37,2000,120311,D10
North Carolina,37,2001,118185,D10
North Carolina,37,2002,117335,D10
North Carolina,37,2003,118323,D27
North Carolina,37,2004,119847,D27
North Carolina,37,2005,123096,D27
North Carolina,37,2006,127859,D27
North Carolina,37,2007,131037,D66
North Carolina,37,2008,130839,D66
North Carolina,37,2009,126845,D66
North Carolina,37,2010,122350,D66
North Carolina,37,2011,120389,D66
North Carolina,37,2012,119831,D66
North Carolina,37,2013,119002,D66
North Carolina,37,2014,120975,D66
North Carolina,37,2015,120843,D66
North Carolina,37,2016,120779,D66
North Carolina,37,2017,120125,D66
North Carolina,37,2018,118954,D66
North Carolina,37,2019,118725,D66
North Carolina,37,2020,116730,D66
North Carolina,37,2021,120466,D66
North Carolina,37,2022,121562,D66
North Carolina,37,2023,120082,D66
North Carolina,37,2024,122856,D66
North Dakota,38,1995,8476,D10
North Dakota,38,1996,8347,D10
North Dakota,38,1997,8353,D10
North Dakota,38,1998,7932,D10
North Dakota,38,1999,7639,D10
North Dakota,38,2000,7676,D10
North Dakota,38,2001,7629,D10
North Dakota,38,2002,7757,D10
North Dakota,38,2003,7972,D27
North Dakota,38,2004,8189,D27
North Dakota,38,2005,8390,D27
North Dakota,38,2006,8621,D27
North Dakota,38,2007,8840,D66
North Dakota,38,2008,8938,D66
North Dakota,38,2009,9001,D66
North Dakota,38,2010,9104,D66
North Dakota,38,2011,9527,D66
North Dakota,38,2012,10106,D66
North Dakota,38,2013,10599,D66
North Dakota,38,2014,11359,D66
North Dakota,38,2015,11314,D66
North Dakota,38,2016,11383,D66
North Dakota,38,2017,10737,D66
North Dakota,38,2018,10636,D66
North Dakota,38,2019,10454,D66
North Dakota,38,2020,10059,D66
North Dakota,38,2021,10112,D66
North Dakota,38,2022,9567,D66
North Dakota,38,2023,9647,D66
North Dakota,38,2024,9634,D66
Ohio,39,1995,154064,D10
Ohio,39,1996,151692,D10
Ohio,39,1997,152033,D10
Ohio,39,1998,152794,D10
Ohio,39,1999,152584,D10
Ohio,39,2000,155472,D10
Ohio,39,2001,151570,D10
Ohio,39,2002,148720,D10
Ohio,39,2003,149679,D27
Ohio,39,2004,148954,D27
Ohio,39,2005,148388,D27
Ohio,39,2006,150593,D27
Ohio,39,2007,150879,D66
Ohio,39,2008,148821,D66
Ohio,39,2009,144841,D66
Ohio,39,2010,139128,D66
Ohio,39,2011,137918,D66
Ohio,39,2012,138483,D66
Ohio,39,2013,138936,D66
Ohio,39,2014,139467,D66
Ohio,39,2015,139264,D66
Ohio,39,2016,138085,D66
Ohio,39,2017,136832,D66
Ohio,39,2018,135134,D66
Ohio,39,2019,134461,D66
Ohio,39,2020,129191,D66
Ohio,39,2021,129791,D66
Ohio,39,2022,128231,D66
Ohio,39,2023,126896,D66
Ohio,39,2024,126795,D66
Oklahoma,40,1995,45672,D10
Oklahoma,40,1996,46193,D10
Oklahoma,40,1997,48269,D10
Oklahoma,40,1998,49461,D10
Oklahoma,40,1999,49010,D10
Oklahoma,40,2000,49782,D10
Oklahoma,40,2001,50118,D10
Oklahoma,40,2002,50387,D10
Oklahoma,40,2003,50981,D27
Oklahoma,40,2004,51306,D27
Oklahoma,40,2005,51801,D27
Oklahoma,40,2006,54016,D27
Oklahoma,40,2007,55065,D66
Oklahoma,40,2008,54781,D66
Oklahoma,40,2009,54553,D66
Oklahoma,40,2010,53238,D66
Oklahoma,40,2011,52272,D66
Oklahoma,40,2012,52751,D66
Oklahoma,40,2013,53369,D66
Oklahoma,40,2014,53339,D66
Oklahoma,40,2015,53122,D66
Oklahoma,40,2016,52592,D66
Oklahoma,40,2017,50214,D66
Oklahoma,40,2018,49800,D66
Oklahoma,40,2019,49143,D66
Oklahoma,40,2020,47623,D66
Oklahoma,40,2021,48410,D66
Oklahoma,40,2022,48332,D66
Oklahoma,40,2023,47909,D66
Oklahoma,40,2024,47962,D66
Oregon,41,1995,42811,D10
Oregon,41,1996,43658,D10
Oregon,41,1997,43809,D10
Oregon,41,1998,45273,D10
Oregon,41,1999,45204,D10
Oregon,41,2000,45804,D10
Oregon,41,2001,45322,D10
Oregon,41,2002,45192,D10
Oregon,41,2003,45953,D27
Oregon,41,2004,45678,D27
Oregon,41,2005,45922,D27
Oregon,41,2006,48689,D27
Oregon,41,2007,49378,D66
Oregon,41,2008,49096,D66
Oregon,41,2009,47132,D66
Oregon,41,2010,45540,D66
Oregon,41,2011,45155,D66
Oregon,41,2012,45067,D66
Oregon,41,2013,45155,D66
Oregon,41,2014,45556,D66
Oregon,41,2015,45655,D66
Oregon,41,2016,45535,D66
Oregon,41,2017,43631,D66
Oregon,41,2018,42188,D66
Oregon,41,2019,41858,D66
Oregon,41,2020,39820,D66
Oregon,41,2021,40914,D66
Oregon,41,2022,39493,D66
Oregon,41,2023,38298,D66
Oregon,41,2024,38963,D66
Pennsylvania,42,1995,151850,D10
Pennsylvania,42,1996,148338,D10
Pennsylvania,42,1997,144224,D10
Pennsylvania,42,1998,145899,D10
Pennsylvania,42,1999,145347,D10
Pennsylvania,42,2000,146281,D10
Pennsylvania,42,2001,143495,D10
Pennsylvania,42,2002,142850,D10
Pennsylvania,42,2003,145959,D27
Pennsylvania,42,2004,144748,D27
Pennsylvania,42,2005,145383,D27
Pennsylvania,42,2006,149090,D27
Pennsylvania,42,2007,150713,D66
Pennsylvania,42,2008,149273,D66
Pennsylvania,42,2009,146434,D66
Pennsylvania,42,2010,143321,D66
Pennsylvania,42,2011,143178,D66
Pennsylvania,42,2012,142514,D66
Pennsylvania,42,2013,140921,D66
Pennsylvania,42,2014,142268,D66
Pennsylvania,42,2015,141047,D66
Pennsylvania,42,2016,139409,D66
Pennsylvania,42,2017,137745,D66
Pennsylvania,42,2018,135673,D66
Pennsylvania,42,2019,134230,D66
Pennsylvania,42,2020,130693,D66
Pennsylvania,42,2021,132622,D66
Pennsylvania,42,2022,130252,D66
Pennsylvania,42,2023,126951,D66
Pennsylvania,42,2024,127299,D66
Rhode Island,44,1995,12776,D10
Rhode Island,44,1996,12652,D10
Rhode Island,44,1997,12455,D10
Rhode Island,44,1998,12599,D10
Rhode Island,44,1999,12366,D10
Rhode Island,44,2000,12505,D10
Rhode Island,44,2001,12713,D10
Rhode Island,44,2002,12894,D10
Rhode Island,44,2003,13209,D27
Rhode Island,44,2004,12779,D27
Rhode Island,44,2005,12697,D27
Rhode Island,44,2006,12372,D27
Rhode Island,44,2007,12376,D66
Rhode Island,44,2008,12048,D66
Rhode Island,44,2009,11442,D66
Rhode Island,44,2010,11177,D66
Rhode Island,44,2011,10960,D66
Rhode Island,44,2012,10926,D66
Rhode Island,44,2013,10809,D66
Rhode Island,44,2014,10823,D66
Rhode Island,44,2015,10993,D66
Rhode Island,44,2016,10798,D66
Rhode Island,44,2017,10638,D66
Rhode Island,44,2018,10506,D66
Rhode Island,44,2019,10175,D66
Rhode Island,44,2020,10101,D66
Rhode Island,44,2021,10464,D66
Rhode Island,44,2022,10269,D66
Rhode Island,44,2023,9805,D66
Rhode Island,44,2024,10009,D66
South Carolina,45,1995,50926,D10
South Carolina,45,1996,51117,D10
South Carolina,45,1997,52214,D10
South Carolina,45,1998,53877,D10
South Carolina,45,1999,54948,D10
South Carolina,45,2000,56114,D10
South Carolina,45,2001,55756,D10
South Carolina,45,2002,54570,D10
South Carolina,45,2003,55649,D27
South Carolina,45,2004,56590,D27
South Carolina,45,2005,57711,D27
South Carolina,45,2006,62171,D27
South Carolina,45,2007,62875,D66
South Carolina,45,2008,63071,D66
South Carolina,45,2009,60620,D66
South Carolina,45,2010,58342,D66
South Carolina,45,2011,57393,D66
South Carolina,45,2012,57155,D66
South Carolina,45,2013,56795,D66
South Carolina,45,2014,57627,D66
South Carolina,45,2015,58139,D66
South Carolina,45,2016,57342,D66
South Carolina,45,2017,57029,D66
South Carolina,45,2018,56669,D66
South Carolina,45,2019,57038,D66
South Carolina,45,2020,55704,D66
South Carolina,45,2021,57185,D66
South Carolina,45,2022,57820,D66
South Carolina,45,2023,57729,D66
South Carolina,45,2024,58768,D66
South Dakota,46,1995,10475,D10
South Dakota,46,1996,10473,D10
South Dakota,46,1997,10173,D10
South Dakota,46,1998,10288,D10
South Dakota,46,1999,10524,D10
South Dakota,46,2000,10345,D10
South Dakota,46,2001,10483,D10
South Dakota,46,2002,10698,D10
South Dakota,46,2003,11027,D27
South Dakota,46,2004,11338,D27
South Dakota,46,2005,11462,D27
South Dakota,46,2006,11919,D27
South Dakota,46,2007,12261,D66
South Dakota,46,2008,12071,D66
South Dakota,46,2009,11934,D66
South Dakota,46,2010,11811,D66
South Dakota,46,2011,11846,D66
South Dakota,46,2012,12104,D66
South Dakota,46,2013,12248,D66
South Dakota,46,2014,12283,D66
South Dakota,46,2015,12336,D66
South Dakota,46,2016,12275,D66
South Dakota,46,2017,12134,D66
South Dakota,46,2018,11893,D66
South Dakota,46,2019,11449,D66
South Dakota,46,2020,10960,D66
South Dakota,46,2021,11369,D66
South Dakota,46,2022,11201,D66
South Dakota,46,2023,11201,D66
South Dakota,46,2024,11451,D66
Tennessee,47,1995,73173,D10
Tennessee,47,1996,73754,D10
Tennessee,47,1997,74478,D10
Tennessee,47,1998,77396,D10
Tennessee,47,1999,77803,D10
Tennessee,47,2000,79611,D10
Tennessee,47,2001,78340,D10
Tennessee,47,2002,77482,D10
Tennessee,47,2003,78890,D27
Tennessee,47,2004,79642,D27
Tennessee,47,2005,81747,D27
Tennessee,47,2006,84355,D27
Tennessee,47,2007,86711,D66
Tennessee,47,2008,85560,D66
Tennessee,47,2009,82211,D66
Tennessee,47,2010,79495,D66
Tennessee,47,2011,79588,D66
Tennessee,47,2012,80371,D66
Tennessee,47,2013,79992,D66
Tennessee,47,2014,81602,D66
Tennessee,47,2015,81685,D66
Tennessee,47,2016,80807,D66
Tennessee,47,2017,81016,D66
Tennessee,47,2018,80751,D66
Tennessee,47,2019,80450,D66
Tennessee,47,2020,78689,D66
Tennessee,47,2021,81717,D66
Tennessee,47,2022,82265,D66
Tennessee,47,2023,83021,D66
Tennessee,47,2024,83833,D66
Texas,48,1995,322753,D10
Texas,48,1996,330406,D10
Texas,48,1997,333974,D10
Texas,48,1998,342283,D10
Texas,48,1999,349245,D10
Texas,48,2000,363414,D10
Texas,48,2001,365410,D10
Texas,48,2002,372450,D10
Texas,48,2003,377476,D27
Texas,48,2004,381293,D27
Texas,48,2005,385915,D27
Texas,48,2006,399603,D27
Texas,48,2007,407625,D66
Texas,48,2008,405554,D66
Texas,48,2009,401977,D66
Texas,48,2010,386118,D66
Texas,48,2011,377445,D66
Texas,48,2012,382727,D66
Texas,48,2013,387340,D66
Texas,48,2014,399766,D66
Texas,48,2015,403618,D66
Texas,48,2016,398047,D66
Texas,48,2017,382050,D66
Texas,48,2018,378624,D66
Texas,48,2019,377599,D66
Texas,48,2020,368190,D66
Texas,48,2021,373594,D66
Texas,48,2022,389741,D66
Texas,48,2023,387945,D66
Texas,48,2024,390828,D66
Utah,49,1995,39577,D10
Utah,49,1996,42087,D10
Utah,49,1997,43059,D10
Utah,49,1998,45165,D10
Utah,49,1999,46290,D10
Utah,49,2000,47353,D10
Utah,49,2001,47959,D10
Utah,49,2002,49182,D10
Utah,49,2003,49860,D27
Utah,49,2004,50670,D27
Utah,49,2005,51556,D27
Utah,49,2006,53504,D27
Utah,49,2007,55130,D66
Utah,49,2008,55634,D66
Utah,49,2009,53887,D66
Utah,49,2010,52258,D66
Utah,49,2011,51223,D66
Utah,49,2012,51465,D66
Utah,49,2013,50957,D66
Utah,49,2014,51154,D66
Utah,49,2015,50778,D66
Utah,49,2016,50464,D66
Utah,49,2017,48585,D66
Utah,49,2018,47209,D66
Utah,49,2019,46826,D66
Utah,49,2020,45702,D66
Utah,49,2021,46712,D66
Utah,49,2022,45768,D66
Utah,49,2023,45019,D66
Utah,49,2024,46664,D66
Vermont,50,1995,6783,D10
Vermont,50,1996,6767,D10
Vermont,50,1997,6607,D10
Vermont,50,1998,6582,D10
Vermont,50,1999,6567,D10
Vermont,50,2000,6500,D10
Vermont,50,2001,6366,D10
Vermont,50,2002,6387,D10
Vermont,50,2003,6589,D27
Vermont,50,2004,6599,D27
Vermont,50,2005,6295,D27
Vermont,50,2006,6511,D27
Vermont,50,2007,6513,D66
Vermont,50,2008,6339,D66
Vermont,50,2009,6110,D66
Vermont,50,2010,6223,D66
Vermont,50,2011,6078,D66
Vermont,50,2012,6009,D66
Vermont,50,2013,5975,D66
Vermont,50,2014,6130,D66
Vermont,50,2015,5903,D66
Vermont,50,2016,5756,D66
Vermont,50,2017,5655,D66
Vermont,50,2018,5432,D66
Vermont,50,2019,5361,D66
Vermont,50,2020,5133,D66
Vermont,50,2021,5384,D66
Vermont,50,2022,5316,D66
Vermont,50,2023,5065,D66
Vermont,50,2024,5023,D66
Virginia,51,1995,92578,D10
Virginia,51,1996,92354,D10
Virginia,51,1997,91862,D10
Virginia,51,1998,94351,D10
Virginia,51,1999,95469,D10
Virginia,51,2000,98938,D10
Virginia,51,2001,98884,D10
Virginia,51,2002,99672,D10
Virginia,51,2003,101254,D27
Virginia,51,2004,103933,D27
Virginia,51,2005,104555,D27
Virginia,51,2006,107817,D27
Virginia,51,2007,108884,D66
Virginia,51,2008,106686,D66
Virginia,51,2009,105059,D66
Virginia,51,2010,103002,D66
Virginia,51,2011,102652,D66
Virginia,51,2012,103013,D66
Virginia,51,2013,102147,D66
Virginia,51,2014,103300,D66
Virginia,51,2015,103303,D66
Virginia,51,2016,102460,D66
Virginia,51,2017,100391,D66
Virginia,51,2018,99843,D66
Virginia,51,2019,97429,D66
Virginia,51,2020,94749,D66
Virginia,51,2021,95825,D66
Virginia,51,2022,95630,D66
Virginia,51,2023,92649,D66
Virginia,51,2024,94054,D66
Washington,53,1995,77228,D10
Washington,53,1996,77945,D10
Washington,53,1997,78190,D10
Washington,53,1998,79663,D10
Washington,53,1999,79586,D10
Washington,53,2000,81036,D10
Washington,53,2001,79570,D10
Washington,53,2002,79028,D10
Washington,53,2003,80489,D27
Washington,53,2004,81747,D27
Washington,53,2005,82703,D27
Washington,53,2006,86876,D27
Washington,53,2007,88978,D66
Washington,53,2008,90321,D66
Washington,53,2009,89313,D66
Washington,53,2010,86539,D66
Washington,53,2011,86976,D66
Washington,53,2012,87463,D66
Washington,53,2013,86577,D66
Washington,53,2014,88585,D66
Washington,53,2015,88990,D66
Washington,53,2016,90505,D66
Washington,53,2017,87562,D66
Washington,53,2018,86085,D66
Washington,53,2019,84895,D66
Washington,53,2020,83086,D66
Washington,53,2021,83911,D66
Washington,53,2022,83333,D66
Washington,53,2023,80932,D66
Washington,53,2024,83118,D66
West Virginia,54,1995,21162,D10
West Virginia,54,1996,20750,D10
West Virginia,54,1997,20730,D10
West Virginia,54,1998,20747,D10
West Virginia,54,1999,20728,D10
West Virginia,54,2000,20865,D10
West Virginia,54,2001,20428,D10
West Virginia,54,2002,20712,D10
West Virginia,54,2003,20935,D27
West Virginia,54,2004,20880,D27
West Virginia,54,2005,20836,D27
West Virginia,54,2006,20931,D27
West Virginia,54,2007,21994,D66
West Virginia,54,2008,21501,D66
West Virginia,54,2009,21268,D66
West Virginia,54,2010,20470,D66
West Virginia,54,2011,20717,D66
West Virginia,54,2012,20827,D66
West Virginia,54,2013,20825,D66
West Virginia,54,2014,20301,D66
West Virginia,54,2015,19805,D66
West Virginia,54,2016,19079,D66
West Virginia,54,2017,18675,D66
West Virginia,54,2018,18248,D66
West Virginia,54,2019,18136,D66
West Virginia,54,2020,17323,D66
West Virginia,54,2021,17198,D66
West Virginia,54,2022,16929,D66
West Virginia,54,2023,16606,D66
West Virginia,54,2024,17022,D66
Wisconsin,55,1995,67479,D10
Wisconsin,55,1996,67106,D10
Wisconsin,55,1997,66557,D10
Wisconsin,55,1998,67450,D10
Wisconsin,55,1999,68208,D10
Wisconsin,55,2000,69326,D10
Wisconsin,55,2001,69072,D10
Wisconsin,55,2002,68560,D10
Wisconsin,55,2003,70040,D27
Wisconsin,55,2004,70146,D27
Wisconsin,55,2005,70984,D27
Wisconsin,55,2006,72340,D27
Wisconsin,55,2007,72784,D66
Wisconsin,55,2008,72261,D66
Wisconsin,55,2009,70843,D66
Wisconsin,55,2010,68487,D66
Wisconsin,55,2011,67810,D66
Wisconsin,55,2012,67295,D66
Wisconsin,55,2013,66649,D66
Wisconsin,55,2014,67161,D66
Wisconsin,55,2015,67041,D66
Wisconsin,55,2016,66615,D66
Wisconsin,55,2017,64975,D66
Wisconsin,55,2018,64098,D66
Wisconsin,55,2019,63270,D66
Wisconsin,55,2020,60594,D66
Wisconsin,55,2021,61781,D66
Wisconsin,55,2022,60049,D66
Wisconsin,55,2023,59754,D66
Wisconsin,55,2024,59686,D66
Wyoming,56,1995,6261,D10
Wyoming,56,1996,6286,D10
Wyoming,56,1997,6387,D10
Wyoming,56,1998,6252,D10
Wyoming,56,1999,6129,D10
Wyoming,56,2000,6253,D10
Wyoming,56,2001,6115,D10
Wyoming,56,2002,6550,D10
Wyoming,56,2003,6700,D27
Wyoming,56,2004,6807,D27
Wyoming,56,2005,7239,D27
Wyoming,56,2006,7672,D27
Wyoming,56,2007,7893,D66
Wyoming,56,2008,8038,D66
Wyoming,56,2009,7881,D66
Wyoming,56,2010,7556,D66
Wyoming,56,2011,7399,D66
Wyoming,56,2012,7572,D66
Wyoming,56,2013,7644,D66
Wyoming,56,2014,7696,D66
Wyoming,56,2015,7765,D66
Wyoming,56,2016,7386,D66
Wyoming,56,2017,6903,D66
Wyoming,56,2018,6562,D66
Wyoming,56,2019,6565,D66
Wyoming,56,2020,6128,D66
Wyoming,56,2021,6237,D66
Wyoming,56,2022,6049,D66
Wyoming,56,2023,5990,D66
Wyoming,56,2024,6089,D66
